date_key,full_date,year,month_number,month_name,year_month,week_number,day_of_month,day_of_week
20150701,2015-07-01,2015,7,July,2015-07,27,1,Wednesday
20150702,2015-07-02,2015,7,July,2015-07,27,2,Thursday
20150703,2015-07-03,2015,7,July,2015-07,27,3,Friday
20150704,2015-07-04,2015,7,July,2015-07,27,4,Saturday
20150705,2015-07-05,2015,7,July,2015-07,27,5,Sunday
20150706,2015-07-06,2015,7,July,2015-07,28,6,Monday
20150707,2015-07-07,2015,7,July,2015-07,28,7,Tuesday
20150708,2015-07-08,2015,7,July,2015-07,28,8,Wednesday
20150709,2015-07-09,2015,7,July,2015-07,28,9,Thursday
20150710,2015-07-10,2015,7,July,2015-07,28,10,Friday
20150711,2015-07-11,2015,7,July,2015-07,28,11,Saturday
20150712,2015-07-12,2015,7,July,2015-07,28,12,Sunday
20150713,2015-07-13,2015,7,July,2015-07,29,13,Monday
20150714,2015-07-14,2015,7,July,2015-07,29,14,Tuesday
20150715,2015-07-15,2015,7,July,2015-07,29,15,Wednesday
20150716,2015-07-16,2015,7,July,2015-07,29,16,Thursday
20150717,2015-07-17,2015,7,July,2015-07,29,17,Friday
20150718,2015-07-18,2015,7,July,2015-07,29,18,Saturday
20150719,2015-07-19,2015,7,July,2015-07,29,19,Sunday
20150720,2015-07-20,2015,7,July,2015-07,30,20,Monday
20150721,2015-07-21,2015,7,July,2015-07,30,21,Tuesday
20150722,2015-07-22,2015,7,July,2015-07,30,22,Wednesday
20150723,2015-07-23,2015,7,July,2015-07,30,23,Thursday
20150724,2015-07-24,2015,7,July,2015-07,30,24,Friday
20150725,2015-07-25,2015,7,July,2015-07,30,25,Saturday
20150726,2015-07-26,2015,7,July,2015-07,30,26,Sunday
20150727,2015-07-27,2015,7,July,2015-07,31,27,Monday
20150728,2015-07-28,2015,7,July,2015-07,31,28,Tuesday
20150729,2015-07-29,2015,7,July,2015-07,31,29,Wednesday
20150730,2015-07-30,2015,7,July,2015-07,31,30,Thursday
20150731,2015-07-31,2015,7,July,2015-07,31,31,Friday
20150801,2015-08-01,2015,8,August,2015-08,31,1,Saturday
20150802,2015-08-02,2015,8,August,2015-08,31,2,Sunday
20150803,2015-08-03,2015,8,August,2015-08,32,3,Monday
20150804,2015-08-04,2015,8,August,2015-08,32,4,Tuesday
20150805,2015-08-05,2015,8,August,2015-08,32,5,Wednesday
20150806,2015-08-06,2015,8,August,2015-08,32,6,Thursday
20150807,2015-08-07,2015,8,August,2015-08,32,7,Friday
20150808,2015-08-08,2015,8,August,2015-08,32,8,Saturday
20150809,2015-08-09,2015,8,August,2015-08,32,9,Sunday
20150810,2015-08-10,2015,8,August,2015-08,33,10,Monday
20150811,2015-08-11,2015,8,August,2015-08,33,11,Tuesday
20150812,2015-08-12,2015,8,August,2015-08,33,12,Wednesday
20150813,2015-08-13,2015,8,August,2015-08,33,13,Thursday
20150814,2015-08-14,2015,8,August,2015-08,33,14,Friday
20150815,2015-08-15,2015,8,August,2015-08,33,15,Saturday
20150816,2015-08-16,2015,8,August,2015-08,33,16,Sunday
20150817,2015-08-17,2015,8,August,2015-08,34,17,Monday
20150818,2015-08-18,2015,8,August,2015-08,34,18,Tuesday
20150819,2015-08-19,2015,8,August,2015-08,34,19,Wednesday
20150820,2015-08-20,2015,8,August,2015-08,34,20,Thursday
20150821,2015-08-21,2015,8,August,2015-08,34,21,Friday
20150822,2015-08-22,2015,8,August,2015-08,34,22,Saturday
20150823,2015-08-23,2015,8,August,2015-08,34,23,Sunday
20150824,2015-08-24,2015,8,August,2015-08,35,24,Monday
20150825,2015-08-25,2015,8,August,2015-08,35,25,Tuesday
20150826,2015-08-26,2015,8,August,2015-08,35,26,Wednesday
20150827,2015-08-27,2015,8,August,2015-08,35,27,Thursday
20150828,2015-08-28,2015,8,August,2015-08,35,28,Friday
20150829,2015-08-29,2015,8,August,2015-08,35,29,Saturday
20150830,2015-08-30,2015,8,August,2015-08,35,30,Sunday
20150831,2015-08-31,2015,8,August,2015-08,36,31,Monday
20150901,2015-09-01,2015,9,September,2015-09,36,1,Tuesday
20150902,2015-09-02,2015,9,September,2015-09,36,2,Wednesday
20150903,2015-09-03,2015,9,September,2015-09,36,3,Thursday
20150904,2015-09-04,2015,9,September,2015-09,36,4,Friday
20150905,2015-09-05,2015,9,September,2015-09,36,5,Saturday
20150906,2015-09-06,2015,9,September,2015-09,36,6,Sunday
20150907,2015-09-07,2015,9,September,2015-09,37,7,Monday
20150908,2015-09-08,2015,9,September,2015-09,37,8,Tuesday
20150909,2015-09-09,2015,9,September,2015-09,37,9,Wednesday
20150910,2015-09-10,2015,9,September,2015-09,37,10,Thursday
20150911,2015-09-11,2015,9,September,2015-09,37,11,Friday
20150912,2015-09-12,2015,9,September,2015-09,37,12,Saturday
20150913,2015-09-13,2015,9,September,2015-09,37,13,Sunday
20150914,2015-09-14,2015,9,September,2015-09,38,14,Monday
20150915,2015-09-15,2015,9,September,2015-09,38,15,Tuesday
20150916,2015-09-16,2015,9,September,2015-09,38,16,Wednesday
20150917,2015-09-17,2015,9,September,2015-09,38,17,Thursday
20150918,2015-09-18,2015,9,September,2015-09,38,18,Friday
20150919,2015-09-19,2015,9,September,2015-09,38,19,Saturday
20150920,2015-09-20,2015,9,September,2015-09,38,20,Sunday
20150921,2015-09-21,2015,9,September,2015-09,39,21,Monday
20150922,2015-09-22,2015,9,September,2015-09,39,22,Tuesday
20150923,2015-09-23,2015,9,September,2015-09,39,23,Wednesday
20150924,2015-09-24,2015,9,September,2015-09,39,24,Thursday
20150925,2015-09-25,2015,9,September,2015-09,39,25,Friday
20150926,2015-09-26,2015,9,September,2015-09,39,26,Saturday
20150927,2015-09-27,2015,9,September,2015-09,39,27,Sunday
20150928,2015-09-28,2015,9,September,2015-09,40,28,Monday
20150929,2015-09-29,2015,9,September,2015-09,40,29,Tuesday
20150930,2015-09-30,2015,9,September,2015-09,40,30,Wednesday
20151001,2015-10-01,2015,10,October,2015-10,40,1,Thursday
20151002,2015-10-02,2015,10,October,2015-10,40,2,Friday
20151003,2015-10-03,2015,10,October,2015-10,40,3,Saturday
20151004,2015-10-04,2015,10,October,2015-10,40,4,Sunday
20151005,2015-10-05,2015,10,October,2015-10,41,5,Monday
20151006,2015-10-06,2015,10,October,2015-10,41,6,Tuesday
20151007,2015-10-07,2015,10,October,2015-10,41,7,Wednesday
20151008,2015-10-08,2015,10,October,2015-10,41,8,Thursday
20151009,2015-10-09,2015,10,October,2015-10,41,9,Friday
20151010,2015-10-10,2015,10,October,2015-10,41,10,Saturday
20151011,2015-10-11,2015,10,October,2015-10,41,11,Sunday
20151012,2015-10-12,2015,10,October,2015-10,42,12,Monday
20151013,2015-10-13,2015,10,October,2015-10,42,13,Tuesday
20151014,2015-10-14,2015,10,October,2015-10,42,14,Wednesday
20151015,2015-10-15,2015,10,October,2015-10,42,15,Thursday
20151016,2015-10-16,2015,10,October,2015-10,42,16,Friday
20151017,2015-10-17,2015,10,October,2015-10,42,17,Saturday
20151018,2015-10-18,2015,10,October,2015-10,42,18,Sunday
20151019,2015-10-19,2015,10,October,2015-10,43,19,Monday
20151020,2015-10-20,2015,10,October,2015-10,43,20,Tuesday
20151021,2015-10-21,2015,10,October,2015-10,43,21,Wednesday
20151022,2015-10-22,2015,10,October,2015-10,43,22,Thursday
20151023,2015-10-23,2015,10,October,2015-10,43,23,Friday
20151024,2015-10-24,2015,10,October,2015-10,43,24,Saturday
20151025,2015-10-25,2015,10,October,2015-10,43,25,Sunday
20151026,2015-10-26,2015,10,October,2015-10,44,26,Monday
20151027,2015-10-27,2015,10,October,2015-10,44,27,Tuesday
20151028,2015-10-28,2015,10,October,2015-10,44,28,Wednesday
20151029,2015-10-29,2015,10,October,2015-10,44,29,Thursday
20151030,2015-10-30,2015,10,October,2015-10,44,30,Friday
20151031,2015-10-31,2015,10,October,2015-10,44,31,Saturday
20151101,2015-11-01,2015,11,November,2015-11,44,1,Sunday
20151102,2015-11-02,2015,11,November,2015-11,45,2,Monday
20151103,2015-11-03,2015,11,November,2015-11,45,3,Tuesday
20151104,2015-11-04,2015,11,November,2015-11,45,4,Wednesday
20151105,2015-11-05,2015,11,November,2015-11,45,5,Thursday
20151106,2015-11-06,2015,11,November,2015-11,45,6,Friday
20151107,2015-11-07,2015,11,November,2015-11,45,7,Saturday
20151108,2015-11-08,2015,11,November,2015-11,45,8,Sunday
20151109,2015-11-09,2015,11,November,2015-11,46,9,Monday
20151110,2015-11-10,2015,11,November,2015-11,46,10,Tuesday
20151111,2015-11-11,2015,11,November,2015-11,46,11,Wednesday
20151112,2015-11-12,2015,11,November,2015-11,46,12,Thursday
20151113,2015-11-13,2015,11,November,2015-11,46,13,Friday
20151114,2015-11-14,2015,11,November,2015-11,46,14,Saturday
20151115,2015-11-15,2015,11,November,2015-11,46,15,Sunday
20151116,2015-11-16,2015,11,November,2015-11,47,16,Monday
20151117,2015-11-17,2015,11,November,2015-11,47,17,Tuesday
20151118,2015-11-18,2015,11,November,2015-11,47,18,Wednesday
20151119,2015-11-19,2015,11,November,2015-11,47,19,Thursday
20151120,2015-11-20,2015,11,November,2015-11,47,20,Friday
20151121,2015-11-21,2015,11,November,2015-11,47,21,Saturday
20151122,2015-11-22,2015,11,November,2015-11,47,22,Sunday
20151123,2015-11-23,2015,11,November,2015-11,48,23,Monday
20151124,2015-11-24,2015,11,November,2015-11,48,24,Tuesday
20151125,2015-11-25,2015,11,November,2015-11,48,25,Wednesday
20151126,2015-11-26,2015,11,November,2015-11,48,26,Thursday
20151127,2015-11-27,2015,11,November,2015-11,48,27,Friday
20151128,2015-11-28,2015,11,November,2015-11,48,28,Saturday
20151129,2015-11-29,2015,11,November,2015-11,48,29,Sunday
20151130,2015-11-30,2015,11,November,2015-11,49,30,Monday
20151201,2015-12-01,2015,12,December,2015-12,49,1,Tuesday
20151202,2015-12-02,2015,12,December,2015-12,49,2,Wednesday
20151203,2015-12-03,2015,12,December,2015-12,49,3,Thursday
20151204,2015-12-04,2015,12,December,2015-12,49,4,Friday
20151205,2015-12-05,2015,12,December,2015-12,49,5,Saturday
20151206,2015-12-06,2015,12,December,2015-12,49,6,Sunday
20151207,2015-12-07,2015,12,December,2015-12,50,7,Monday
20151208,2015-12-08,2015,12,December,2015-12,50,8,Tuesday
20151209,2015-12-09,2015,12,December,2015-12,50,9,Wednesday
20151210,2015-12-10,2015,12,December,2015-12,50,10,Thursday
20151211,2015-12-11,2015,12,December,2015-12,50,11,Friday
20151212,2015-12-12,2015,12,December,2015-12,50,12,Saturday
20151213,2015-12-13,2015,12,December,2015-12,50,13,Sunday
20151214,2015-12-14,2015,12,December,2015-12,51,14,Monday
20151215,2015-12-15,2015,12,December,2015-12,51,15,Tuesday
20151216,2015-12-16,2015,12,December,2015-12,51,16,Wednesday
20151217,2015-12-17,2015,12,December,2015-12,51,17,Thursday
20151218,2015-12-18,2015,12,December,2015-12,51,18,Friday
20151219,2015-12-19,2015,12,December,2015-12,51,19,Saturday
20151220,2015-12-20,2015,12,December,2015-12,51,20,Sunday
20151221,2015-12-21,2015,12,December,2015-12,52,21,Monday
20151222,2015-12-22,2015,12,December,2015-12,52,22,Tuesday
20151223,2015-12-23,2015,12,December,2015-12,52,23,Wednesday
20151224,2015-12-24,2015,12,December,2015-12,52,24,Thursday
20151225,2015-12-25,2015,12,December,2015-12,52,25,Friday
20151226,2015-12-26,2015,12,December,2015-12,52,26,Saturday
20151227,2015-12-27,2015,12,December,2015-12,52,27,Sunday
20151228,2015-12-28,2015,12,December,2015-12,53,28,Monday
20151229,2015-12-29,2015,12,December,2015-12,53,29,Tuesday
20151230,2015-12-30,2015,12,December,2015-12,53,30,Wednesday
20151231,2015-12-31,2015,12,December,2015-12,53,31,Thursday
20160101,2016-01-01,2016,1,January,2016-01,53,1,Friday
20160102,2016-01-02,2016,1,January,2016-01,53,2,Saturday
20160103,2016-01-03,2016,1,January,2016-01,53,3,Sunday
20160104,2016-01-04,2016,1,January,2016-01,1,4,Monday
20160105,2016-01-05,2016,1,January,2016-01,1,5,Tuesday
20160106,2016-01-06,2016,1,January,2016-01,1,6,Wednesday
20160107,2016-01-07,2016,1,January,2016-01,1,7,Thursday
20160108,2016-01-08,2016,1,January,2016-01,1,8,Friday
20160109,2016-01-09,2016,1,January,2016-01,1,9,Saturday
20160110,2016-01-10,2016,1,January,2016-01,1,10,Sunday
20160111,2016-01-11,2016,1,January,2016-01,2,11,Monday
20160112,2016-01-12,2016,1,January,2016-01,2,12,Tuesday
20160113,2016-01-13,2016,1,January,2016-01,2,13,Wednesday
20160114,2016-01-14,2016,1,January,2016-01,2,14,Thursday
20160115,2016-01-15,2016,1,January,2016-01,2,15,Friday
20160116,2016-01-16,2016,1,January,2016-01,2,16,Saturday
20160117,2016-01-17,2016,1,January,2016-01,2,17,Sunday
20160118,2016-01-18,2016,1,January,2016-01,3,18,Monday
20160119,2016-01-19,2016,1,January,2016-01,3,19,Tuesday
20160120,2016-01-20,2016,1,January,2016-01,3,20,Wednesday
20160121,2016-01-21,2016,1,January,2016-01,3,21,Thursday
20160122,2016-01-22,2016,1,January,2016-01,3,22,Friday
20160123,2016-01-23,2016,1,January,2016-01,3,23,Saturday
20160124,2016-01-24,2016,1,January,2016-01,3,24,Sunday
20160125,2016-01-25,2016,1,January,2016-01,4,25,Monday
20160126,2016-01-26,2016,1,January,2016-01,4,26,Tuesday
20160127,2016-01-27,2016,1,January,2016-01,4,27,Wednesday
20160128,2016-01-28,2016,1,January,2016-01,4,28,Thursday
20160129,2016-01-29,2016,1,January,2016-01,4,29,Friday
20160130,2016-01-30,2016,1,January,2016-01,4,30,Saturday
20160131,2016-01-31,2016,1,January,2016-01,4,31,Sunday
20160201,2016-02-01,2016,2,February,2016-02,5,1,Monday
20160202,2016-02-02,2016,2,February,2016-02,5,2,Tuesday
20160203,2016-02-03,2016,2,February,2016-02,5,3,Wednesday
20160204,2016-02-04,2016,2,February,2016-02,5,4,Thursday
20160205,2016-02-05,2016,2,February,2016-02,5,5,Friday
20160206,2016-02-06,2016,2,February,2016-02,5,6,Saturday
20160207,2016-02-07,2016,2,February,2016-02,5,7,Sunday
20160208,2016-02-08,2016,2,February,2016-02,6,8,Monday
20160209,2016-02-09,2016,2,February,2016-02,6,9,Tuesday
20160210,2016-02-10,2016,2,February,2016-02,6,10,Wednesday
20160211,2016-02-11,2016,2,February,2016-02,6,11,Thursday
20160212,2016-02-12,2016,2,February,2016-02,6,12,Friday
20160213,2016-02-13,2016,2,February,2016-02,6,13,Saturday
20160214,2016-02-14,2016,2,February,2016-02,6,14,Sunday
20160215,2016-02-15,2016,2,February,2016-02,7,15,Monday
20160216,2016-02-16,2016,2,February,2016-02,7,16,Tuesday
20160217,2016-02-17,2016,2,February,2016-02,7,17,Wednesday
20160218,2016-02-18,2016,2,February,2016-02,7,18,Thursday
20160219,2016-02-19,2016,2,February,2016-02,7,19,Friday
20160220,2016-02-20,2016,2,February,2016-02,7,20,Saturday
20160221,2016-02-21,2016,2,February,2016-02,7,21,Sunday
20160222,2016-02-22,2016,2,February,2016-02,8,22,Monday
20160223,2016-02-23,2016,2,February,2016-02,8,23,Tuesday
20160224,2016-02-24,2016,2,February,2016-02,8,24,Wednesday
20160225,2016-02-25,2016,2,February,2016-02,8,25,Thursday
20160226,2016-02-26,2016,2,February,2016-02,8,26,Friday
20160227,2016-02-27,2016,2,February,2016-02,8,27,Saturday
20160228,2016-02-28,2016,2,February,2016-02,8,28,Sunday
20160229,2016-02-29,2016,2,February,2016-02,9,29,Monday
20160301,2016-03-01,2016,3,March,2016-03,9,1,Tuesday
20160302,2016-03-02,2016,3,March,2016-03,9,2,Wednesday
20160303,2016-03-03,2016,3,March,2016-03,9,3,Thursday
20160304,2016-03-04,2016,3,March,2016-03,9,4,Friday
20160305,2016-03-05,2016,3,March,2016-03,9,5,Saturday
20160306,2016-03-06,2016,3,March,2016-03,9,6,Sunday
20160307,2016-03-07,2016,3,March,2016-03,10,7,Monday
20160308,2016-03-08,2016,3,March,2016-03,10,8,Tuesday
20160309,2016-03-09,2016,3,March,2016-03,10,9,Wednesday
20160310,2016-03-10,2016,3,March,2016-03,10,10,Thursday
20160311,2016-03-11,2016,3,March,2016-03,10,11,Friday
20160312,2016-03-12,2016,3,March,2016-03,10,12,Saturday
20160313,2016-03-13,2016,3,March,2016-03,10,13,Sunday
20160314,2016-03-14,2016,3,March,2016-03,11,14,Monday
20160315,2016-03-15,2016,3,March,2016-03,11,15,Tuesday
20160316,2016-03-16,2016,3,March,2016-03,11,16,Wednesday
20160317,2016-03-17,2016,3,March,2016-03,11,17,Thursday
20160318,2016-03-18,2016,3,March,2016-03,11,18,Friday
20160319,2016-03-19,2016,3,March,2016-03,11,19,Saturday
20160320,2016-03-20,2016,3,March,2016-03,11,20,Sunday
20160321,2016-03-21,2016,3,March,2016-03,12,21,Monday
20160322,2016-03-22,2016,3,March,2016-03,12,22,Tuesday
20160323,2016-03-23,2016,3,March,2016-03,12,23,Wednesday
20160324,2016-03-24,2016,3,March,2016-03,12,24,Thursday
20160325,2016-03-25,2016,3,March,2016-03,12,25,Friday
20160326,2016-03-26,2016,3,March,2016-03,12,26,Saturday
20160327,2016-03-27,2016,3,March,2016-03,12,27,Sunday
20160328,2016-03-28,2016,3,March,2016-03,13,28,Monday
20160329,2016-03-29,2016,3,March,2016-03,13,29,Tuesday
20160330,2016-03-30,2016,3,March,2016-03,13,30,Wednesday
20160331,2016-03-31,2016,3,March,2016-03,13,31,Thursday
20160401,2016-04-01,2016,4,April,2016-04,13,1,Friday
20160402,2016-04-02,2016,4,April,2016-04,13,2,Saturday
20160403,2016-04-03,2016,4,April,2016-04,13,3,Sunday
20160404,2016-04-04,2016,4,April,2016-04,14,4,Monday
20160405,2016-04-05,2016,4,April,2016-04,14,5,Tuesday
20160406,2016-04-06,2016,4,April,2016-04,14,6,Wednesday
20160407,2016-04-07,2016,4,April,2016-04,14,7,Thursday
20160408,2016-04-08,2016,4,April,2016-04,14,8,Friday
20160409,2016-04-09,2016,4,April,2016-04,14,9,Saturday
20160410,2016-04-10,2016,4,April,2016-04,14,10,Sunday
20160411,2016-04-11,2016,4,April,2016-04,15,11,Monday
20160412,2016-04-12,2016,4,April,2016-04,15,12,Tuesday
20160413,2016-04-13,2016,4,April,2016-04,15,13,Wednesday
20160414,2016-04-14,2016,4,April,2016-04,15,14,Thursday
20160415,2016-04-15,2016,4,April,2016-04,15,15,Friday
20160416,2016-04-16,2016,4,April,2016-04,15,16,Saturday
20160417,2016-04-17,2016,4,April,2016-04,15,17,Sunday
20160418,2016-04-18,2016,4,April,2016-04,16,18,Monday
20160419,2016-04-19,2016,4,April,2016-04,16,19,Tuesday
20160420,2016-04-20,2016,4,April,2016-04,16,20,Wednesday
20160421,2016-04-21,2016,4,April,2016-04,16,21,Thursday
20160422,2016-04-22,2016,4,April,2016-04,16,22,Friday
20160423,2016-04-23,2016,4,April,2016-04,16,23,Saturday
20160424,2016-04-24,2016,4,April,2016-04,16,24,Sunday
20160425,2016-04-25,2016,4,April,2016-04,17,25,Monday
20160426,2016-04-26,2016,4,April,2016-04,17,26,Tuesday
20160427,2016-04-27,2016,4,April,2016-04,17,27,Wednesday
20160428,2016-04-28,2016,4,April,2016-04,17,28,Thursday
20160429,2016-04-29,2016,4,April,2016-04,17,29,Friday
20160430,2016-04-30,2016,4,April,2016-04,17,30,Saturday
20160501,2016-05-01,2016,5,May,2016-05,17,1,Sunday
20160502,2016-05-02,2016,5,May,2016-05,18,2,Monday
20160503,2016-05-03,2016,5,May,2016-05,18,3,Tuesday
20160504,2016-05-04,2016,5,May,2016-05,18,4,Wednesday
20160505,2016-05-05,2016,5,May,2016-05,18,5,Thursday
20160506,2016-05-06,2016,5,May,2016-05,18,6,Friday
20160507,2016-05-07,2016,5,May,2016-05,18,7,Saturday
20160508,2016-05-08,2016,5,May,2016-05,18,8,Sunday
20160509,2016-05-09,2016,5,May,2016-05,19,9,Monday
20160510,2016-05-10,2016,5,May,2016-05,19,10,Tuesday
20160511,2016-05-11,2016,5,May,2016-05,19,11,Wednesday
20160512,2016-05-12,2016,5,May,2016-05,19,12,Thursday
20160513,2016-05-13,2016,5,May,2016-05,19,13,Friday
20160514,2016-05-14,2016,5,May,2016-05,19,14,Saturday
20160515,2016-05-15,2016,5,May,2016-05,19,15,Sunday
20160516,2016-05-16,2016,5,May,2016-05,20,16,Monday
20160517,2016-05-17,2016,5,May,2016-05,20,17,Tuesday
20160518,2016-05-18,2016,5,May,2016-05,20,18,Wednesday
20160519,2016-05-19,2016,5,May,2016-05,20,19,Thursday
20160520,2016-05-20,2016,5,May,2016-05,20,20,Friday
20160521,2016-05-21,2016,5,May,2016-05,20,21,Saturday
20160522,2016-05-22,2016,5,May,2016-05,20,22,Sunday
20160523,2016-05-23,2016,5,May,2016-05,21,23,Monday
20160524,2016-05-24,2016,5,May,2016-05,21,24,Tuesday
20160525,2016-05-25,2016,5,May,2016-05,21,25,Wednesday
20160526,2016-05-26,2016,5,May,2016-05,21,26,Thursday
20160527,2016-05-27,2016,5,May,2016-05,21,27,Friday
20160528,2016-05-28,2016,5,May,2016-05,21,28,Saturday
20160529,2016-05-29,2016,5,May,2016-05,21,29,Sunday
20160530,2016-05-30,2016,5,May,2016-05,22,30,Monday
20160531,2016-05-31,2016,5,May,2016-05,22,31,Tuesday
20160601,2016-06-01,2016,6,June,2016-06,22,1,Wednesday
20160602,2016-06-02,2016,6,June,2016-06,22,2,Thursday
20160603,2016-06-03,2016,6,June,2016-06,22,3,Friday
20160604,2016-06-04,2016,6,June,2016-06,22,4,Saturday
20160605,2016-06-05,2016,6,June,2016-06,22,5,Sunday
20160606,2016-06-06,2016,6,June,2016-06,23,6,Monday
20160607,2016-06-07,2016,6,June,2016-06,23,7,Tuesday
20160608,2016-06-08,2016,6,June,2016-06,23,8,Wednesday
20160609,2016-06-09,2016,6,June,2016-06,23,9,Thursday
20160610,2016-06-10,2016,6,June,2016-06,23,10,Friday
20160611,2016-06-11,2016,6,June,2016-06,23,11,Saturday
20160612,2016-06-12,2016,6,June,2016-06,23,12,Sunday
20160613,2016-06-13,2016,6,June,2016-06,24,13,Monday
20160614,2016-06-14,2016,6,June,2016-06,24,14,Tuesday
20160615,2016-06-15,2016,6,June,2016-06,24,15,Wednesday
20160616,2016-06-16,2016,6,June,2016-06,24,16,Thursday
20160617,2016-06-17,2016,6,June,2016-06,24,17,Friday
20160618,2016-06-18,2016,6,June,2016-06,24,18,Saturday
20160619,2016-06-19,2016,6,June,2016-06,24,19,Sunday
20160620,2016-06-20,2016,6,June,2016-06,25,20,Monday
20160621,2016-06-21,2016,6,June,2016-06,25,21,Tuesday
20160622,2016-06-22,2016,6,June,2016-06,25,22,Wednesday
20160623,2016-06-23,2016,6,June,2016-06,25,23,Thursday
20160624,2016-06-24,2016,6,June,2016-06,25,24,Friday
20160625,2016-06-25,2016,6,June,2016-06,25,25,Saturday
20160626,2016-06-26,2016,6,June,2016-06,25,26,Sunday
20160627,2016-06-27,2016,6,June,2016-06,26,27,Monday
20160628,2016-06-28,2016,6,June,2016-06,26,28,Tuesday
20160629,2016-06-29,2016,6,June,2016-06,26,29,Wednesday
20160630,2016-06-30,2016,6,June,2016-06,26,30,Thursday
20160701,2016-07-01,2016,7,July,2016-07,26,1,Friday
20160702,2016-07-02,2016,7,July,2016-07,26,2,Saturday
20160703,2016-07-03,2016,7,July,2016-07,26,3,Sunday
20160704,2016-07-04,2016,7,July,2016-07,27,4,Monday
20160705,2016-07-05,2016,7,July,2016-07,27,5,Tuesday
20160706,2016-07-06,2016,7,July,2016-07,27,6,Wednesday
20160707,2016-07-07,2016,7,July,2016-07,27,7,Thursday
20160708,2016-07-08,2016,7,July,2016-07,27,8,Friday
20160709,2016-07-09,2016,7,July,2016-07,27,9,Saturday
20160710,2016-07-10,2016,7,July,2016-07,27,10,Sunday
20160711,2016-07-11,2016,7,July,2016-07,28,11,Monday
20160712,2016-07-12,2016,7,July,2016-07,28,12,Tuesday
20160713,2016-07-13,2016,7,July,2016-07,28,13,Wednesday
20160714,2016-07-14,2016,7,July,2016-07,28,14,Thursday
20160715,2016-07-15,2016,7,July,2016-07,28,15,Friday
20160716,2016-07-16,2016,7,July,2016-07,28,16,Saturday
20160717,2016-07-17,2016,7,July,2016-07,28,17,Sunday
20160718,2016-07-18,2016,7,July,2016-07,29,18,Monday
20160719,2016-07-19,2016,7,July,2016-07,29,19,Tuesday
20160720,2016-07-20,2016,7,July,2016-07,29,20,Wednesday
20160721,2016-07-21,2016,7,July,2016-07,29,21,Thursday
20160722,2016-07-22,2016,7,July,2016-07,29,22,Friday
20160723,2016-07-23,2016,7,July,2016-07,29,23,Saturday
20160724,2016-07-24,2016,7,July,2016-07,29,24,Sunday
20160725,2016-07-25,2016,7,July,2016-07,30,25,Monday
20160726,2016-07-26,2016,7,July,2016-07,30,26,Tuesday
20160727,2016-07-27,2016,7,July,2016-07,30,27,Wednesday
20160728,2016-07-28,2016,7,July,2016-07,30,28,Thursday
20160729,2016-07-29,2016,7,July,2016-07,30,29,Friday
20160730,2016-07-30,2016,7,July,2016-07,30,30,Saturday
20160731,2016-07-31,2016,7,July,2016-07,30,31,Sunday
20160801,2016-08-01,2016,8,August,2016-08,31,1,Monday
20160802,2016-08-02,2016,8,August,2016-08,31,2,Tuesday
20160803,2016-08-03,2016,8,August,2016-08,31,3,Wednesday
20160804,2016-08-04,2016,8,August,2016-08,31,4,Thursday
20160805,2016-08-05,2016,8,August,2016-08,31,5,Friday
20160806,2016-08-06,2016,8,August,2016-08,31,6,Saturday
20160807,2016-08-07,2016,8,August,2016-08,31,7,Sunday
20160808,2016-08-08,2016,8,August,2016-08,32,8,Monday
20160809,2016-08-09,2016,8,August,2016-08,32,9,Tuesday
20160810,2016-08-10,2016,8,August,2016-08,32,10,Wednesday
20160811,2016-08-11,2016,8,August,2016-08,32,11,Thursday
20160812,2016-08-12,2016,8,August,2016-08,32,12,Friday
20160813,2016-08-13,2016,8,August,2016-08,32,13,Saturday
20160814,2016-08-14,2016,8,August,2016-08,32,14,Sunday
20160815,2016-08-15,2016,8,August,2016-08,33,15,Monday
20160816,2016-08-16,2016,8,August,2016-08,33,16,Tuesday
20160817,2016-08-17,2016,8,August,2016-08,33,17,Wednesday
20160818,2016-08-18,2016,8,August,2016-08,33,18,Thursday
20160819,2016-08-19,2016,8,August,2016-08,33,19,Friday
20160820,2016-08-20,2016,8,August,2016-08,33,20,Saturday
20160821,2016-08-21,2016,8,August,2016-08,33,21,Sunday
20160822,2016-08-22,2016,8,August,2016-08,34,22,Monday
20160823,2016-08-23,2016,8,August,2016-08,34,23,Tuesday
20160824,2016-08-24,2016,8,August,2016-08,34,24,Wednesday
20160825,2016-08-25,2016,8,August,2016-08,34,25,Thursday
20160826,2016-08-26,2016,8,August,2016-08,34,26,Friday
20160827,2016-08-27,2016,8,August,2016-08,34,27,Saturday
20160828,2016-08-28,2016,8,August,2016-08,34,28,Sunday
20160829,2016-08-29,2016,8,August,2016-08,35,29,Monday
20160830,2016-08-30,2016,8,August,2016-08,35,30,Tuesday
20160831,2016-08-31,2016,8,August,2016-08,35,31,Wednesday
20160901,2016-09-01,2016,9,September,2016-09,35,1,Thursday
20160902,2016-09-02,2016,9,September,2016-09,35,2,Friday
20160903,2016-09-03,2016,9,September,2016-09,35,3,Saturday
20160904,2016-09-04,2016,9,September,2016-09,35,4,Sunday
20160905,2016-09-05,2016,9,September,2016-09,36,5,Monday
20160906,2016-09-06,2016,9,September,2016-09,36,6,Tuesday
20160907,2016-09-07,2016,9,September,2016-09,36,7,Wednesday
20160908,2016-09-08,2016,9,September,2016-09,36,8,Thursday
20160909,2016-09-09,2016,9,September,2016-09,36,9,Friday
20160910,2016-09-10,2016,9,September,2016-09,36,10,Saturday
20160911,2016-09-11,2016,9,September,2016-09,36,11,Sunday
20160912,2016-09-12,2016,9,September,2016-09,37,12,Monday
20160913,2016-09-13,2016,9,September,2016-09,37,13,Tuesday
20160914,2016-09-14,2016,9,September,2016-09,37,14,Wednesday
20160915,2016-09-15,2016,9,September,2016-09,37,15,Thursday
20160916,2016-09-16,2016,9,September,2016-09,37,16,Friday
20160917,2016-09-17,2016,9,September,2016-09,37,17,Saturday
20160918,2016-09-18,2016,9,September,2016-09,37,18,Sunday
20160919,2016-09-19,2016,9,September,2016-09,38,19,Monday
20160920,2016-09-20,2016,9,September,2016-09,38,20,Tuesday
20160921,2016-09-21,2016,9,September,2016-09,38,21,Wednesday
20160922,2016-09-22,2016,9,September,2016-09,38,22,Thursday
20160923,2016-09-23,2016,9,September,2016-09,38,23,Friday
20160924,2016-09-24,2016,9,September,2016-09,38,24,Saturday
20160925,2016-09-25,2016,9,September,2016-09,38,25,Sunday
20160926,2016-09-26,2016,9,September,2016-09,39,26,Monday
20160927,2016-09-27,2016,9,September,2016-09,39,27,Tuesday
20160928,2016-09-28,2016,9,September,2016-09,39,28,Wednesday
20160929,2016-09-29,2016,9,September,2016-09,39,29,Thursday
20160930,2016-09-30,2016,9,September,2016-09,39,30,Friday
20161001,2016-10-01,2016,10,October,2016-10,39,1,Saturday
20161002,2016-10-02,2016,10,October,2016-10,39,2,Sunday
20161003,2016-10-03,2016,10,October,2016-10,40,3,Monday
20161004,2016-10-04,2016,10,October,2016-10,40,4,Tuesday
20161005,2016-10-05,2016,10,October,2016-10,40,5,Wednesday
20161006,2016-10-06,2016,10,October,2016-10,40,6,Thursday
20161007,2016-10-07,2016,10,October,2016-10,40,7,Friday
20161008,2016-10-08,2016,10,October,2016-10,40,8,Saturday
20161009,2016-10-09,2016,10,October,2016-10,40,9,Sunday
20161010,2016-10-10,2016,10,October,2016-10,41,10,Monday
20161011,2016-10-11,2016,10,October,2016-10,41,11,Tuesday
20161012,2016-10-12,2016,10,October,2016-10,41,12,Wednesday
20161013,2016-10-13,2016,10,October,2016-10,41,13,Thursday
20161014,2016-10-14,2016,10,October,2016-10,41,14,Friday
20161015,2016-10-15,2016,10,October,2016-10,41,15,Saturday
20161016,2016-10-16,2016,10,October,2016-10,41,16,Sunday
20161017,2016-10-17,2016,10,October,2016-10,42,17,Monday
20161018,2016-10-18,2016,10,October,2016-10,42,18,Tuesday
20161019,2016-10-19,2016,10,October,2016-10,42,19,Wednesday
20161020,2016-10-20,2016,10,October,2016-10,42,20,Thursday
20161021,2016-10-21,2016,10,October,2016-10,42,21,Friday
20161022,2016-10-22,2016,10,October,2016-10,42,22,Saturday
20161023,2016-10-23,2016,10,October,2016-10,42,23,Sunday
20161024,2016-10-24,2016,10,October,2016-10,43,24,Monday
20161025,2016-10-25,2016,10,October,2016-10,43,25,Tuesday
20161026,2016-10-26,2016,10,October,2016-10,43,26,Wednesday
20161027,2016-10-27,2016,10,October,2016-10,43,27,Thursday
20161028,2016-10-28,2016,10,October,2016-10,43,28,Friday
20161029,2016-10-29,2016,10,October,2016-10,43,29,Saturday
20161030,2016-10-30,2016,10,October,2016-10,43,30,Sunday
20161031,2016-10-31,2016,10,October,2016-10,44,31,Monday
20161101,2016-11-01,2016,11,November,2016-11,44,1,Tuesday
20161102,2016-11-02,2016,11,November,2016-11,44,2,Wednesday
20161103,2016-11-03,2016,11,November,2016-11,44,3,Thursday
20161104,2016-11-04,2016,11,November,2016-11,44,4,Friday
20161105,2016-11-05,2016,11,November,2016-11,44,5,Saturday
20161106,2016-11-06,2016,11,November,2016-11,44,6,Sunday
20161107,2016-11-07,2016,11,November,2016-11,45,7,Monday
20161108,2016-11-08,2016,11,November,2016-11,45,8,Tuesday
20161109,2016-11-09,2016,11,November,2016-11,45,9,Wednesday
20161110,2016-11-10,2016,11,November,2016-11,45,10,Thursday
20161111,2016-11-11,2016,11,November,2016-11,45,11,Friday
20161112,2016-11-12,2016,11,November,2016-11,45,12,Saturday
20161113,2016-11-13,2016,11,November,2016-11,45,13,Sunday
20161114,2016-11-14,2016,11,November,2016-11,46,14,Monday
20161115,2016-11-15,2016,11,November,2016-11,46,15,Tuesday
20161116,2016-11-16,2016,11,November,2016-11,46,16,Wednesday
20161117,2016-11-17,2016,11,November,2016-11,46,17,Thursday
20161118,2016-11-18,2016,11,November,2016-11,46,18,Friday
20161119,2016-11-19,2016,11,November,2016-11,46,19,Saturday
20161120,2016-11-20,2016,11,November,2016-11,46,20,Sunday
20161121,2016-11-21,2016,11,November,2016-11,47,21,Monday
20161122,2016-11-22,2016,11,November,2016-11,47,22,Tuesday
20161123,2016-11-23,2016,11,November,2016-11,47,23,Wednesday
20161124,2016-11-24,2016,11,November,2016-11,47,24,Thursday
20161125,2016-11-25,2016,11,November,2016-11,47,25,Friday
20161126,2016-11-26,2016,11,November,2016-11,47,26,Saturday
20161127,2016-11-27,2016,11,November,2016-11,47,27,Sunday
20161128,2016-11-28,2016,11,November,2016-11,48,28,Monday
20161129,2016-11-29,2016,11,November,2016-11,48,29,Tuesday
20161130,2016-11-30,2016,11,November,2016-11,48,30,Wednesday
20161201,2016-12-01,2016,12,December,2016-12,48,1,Thursday
20161202,2016-12-02,2016,12,December,2016-12,48,2,Friday
20161203,2016-12-03,2016,12,December,2016-12,48,3,Saturday
20161204,2016-12-04,2016,12,December,2016-12,48,4,Sunday
20161205,2016-12-05,2016,12,December,2016-12,49,5,Monday
20161206,2016-12-06,2016,12,December,2016-12,49,6,Tuesday
20161207,2016-12-07,2016,12,December,2016-12,49,7,Wednesday
20161208,2016-12-08,2016,12,December,2016-12,49,8,Thursday
20161209,2016-12-09,2016,12,December,2016-12,49,9,Friday
20161210,2016-12-10,2016,12,December,2016-12,49,10,Saturday
20161211,2016-12-11,2016,12,December,2016-12,49,11,Sunday
20161212,2016-12-12,2016,12,December,2016-12,50,12,Monday
20161213,2016-12-13,2016,12,December,2016-12,50,13,Tuesday
20161214,2016-12-14,2016,12,December,2016-12,50,14,Wednesday
20161215,2016-12-15,2016,12,December,2016-12,50,15,Thursday
20161216,2016-12-16,2016,12,December,2016-12,50,16,Friday
20161217,2016-12-17,2016,12,December,2016-12,50,17,Saturday
20161218,2016-12-18,2016,12,December,2016-12,50,18,Sunday
20161219,2016-12-19,2016,12,December,2016-12,51,19,Monday
20161220,2016-12-20,2016,12,December,2016-12,51,20,Tuesday
20161221,2016-12-21,2016,12,December,2016-12,51,21,Wednesday
20161222,2016-12-22,2016,12,December,2016-12,51,22,Thursday
20161223,2016-12-23,2016,12,December,2016-12,51,23,Friday
20161224,2016-12-24,2016,12,December,2016-12,51,24,Saturday
20161225,2016-12-25,2016,12,December,2016-12,51,25,Sunday
20161226,2016-12-26,2016,12,December,2016-12,52,26,Monday
20161227,2016-12-27,2016,12,December,2016-12,52,27,Tuesday
20161228,2016-12-28,2016,12,December,2016-12,52,28,Wednesday
20161229,2016-12-29,2016,12,December,2016-12,52,29,Thursday
20161230,2016-12-30,2016,12,December,2016-12,52,30,Friday
20161231,2016-12-31,2016,12,December,2016-12,52,31,Saturday
20170101,2017-01-01,2017,1,January,2017-01,52,1,Sunday
20170102,2017-01-02,2017,1,January,2017-01,1,2,Monday
20170103,2017-01-03,2017,1,January,2017-01,1,3,Tuesday
20170104,2017-01-04,2017,1,January,2017-01,1,4,Wednesday
20170105,2017-01-05,2017,1,January,2017-01,1,5,Thursday
20170106,2017-01-06,2017,1,January,2017-01,1,6,Friday
20170107,2017-01-07,2017,1,January,2017-01,1,7,Saturday
20170108,2017-01-08,2017,1,January,2017-01,1,8,Sunday
20170109,2017-01-09,2017,1,January,2017-01,2,9,Monday
20170110,2017-01-10,2017,1,January,2017-01,2,10,Tuesday
20170111,2017-01-11,2017,1,January,2017-01,2,11,Wednesday
20170112,2017-01-12,2017,1,January,2017-01,2,12,Thursday
20170113,2017-01-13,2017,1,January,2017-01,2,13,Friday
20170114,2017-01-14,2017,1,January,2017-01,2,14,Saturday
20170115,2017-01-15,2017,1,January,2017-01,2,15,Sunday
20170116,2017-01-16,2017,1,January,2017-01,3,16,Monday
20170117,2017-01-17,2017,1,January,2017-01,3,17,Tuesday
20170118,2017-01-18,2017,1,January,2017-01,3,18,Wednesday
20170119,2017-01-19,2017,1,January,2017-01,3,19,Thursday
20170120,2017-01-20,2017,1,January,2017-01,3,20,Friday
20170121,2017-01-21,2017,1,January,2017-01,3,21,Saturday
20170122,2017-01-22,2017,1,January,2017-01,3,22,Sunday
20170123,2017-01-23,2017,1,January,2017-01,4,23,Monday
20170124,2017-01-24,2017,1,January,2017-01,4,24,Tuesday
20170125,2017-01-25,2017,1,January,2017-01,4,25,Wednesday
20170126,2017-01-26,2017,1,January,2017-01,4,26,Thursday
20170127,2017-01-27,2017,1,January,2017-01,4,27,Friday
20170128,2017-01-28,2017,1,January,2017-01,4,28,Saturday
20170129,2017-01-29,2017,1,January,2017-01,4,29,Sunday
20170130,2017-01-30,2017,1,January,2017-01,5,30,Monday
20170131,2017-01-31,2017,1,January,2017-01,5,31,Tuesday
20170201,2017-02-01,2017,2,February,2017-02,5,1,Wednesday
20170202,2017-02-02,2017,2,February,2017-02,5,2,Thursday
20170203,2017-02-03,2017,2,February,2017-02,5,3,Friday
20170204,2017-02-04,2017,2,February,2017-02,5,4,Saturday
20170205,2017-02-05,2017,2,February,2017-02,5,5,Sunday
20170206,2017-02-06,2017,2,February,2017-02,6,6,Monday
20170207,2017-02-07,2017,2,February,2017-02,6,7,Tuesday
20170208,2017-02-08,2017,2,February,2017-02,6,8,Wednesday
20170209,2017-02-09,2017,2,February,2017-02,6,9,Thursday
20170210,2017-02-10,2017,2,February,2017-02,6,10,Friday
20170211,2017-02-11,2017,2,February,2017-02,6,11,Saturday
20170212,2017-02-12,2017,2,February,2017-02,6,12,Sunday
20170213,2017-02-13,2017,2,February,2017-02,7,13,Monday
20170214,2017-02-14,2017,2,February,2017-02,7,14,Tuesday
20170215,2017-02-15,2017,2,February,2017-02,7,15,Wednesday
20170216,2017-02-16,2017,2,February,2017-02,7,16,Thursday
20170217,2017-02-17,2017,2,February,2017-02,7,17,Friday
20170218,2017-02-18,2017,2,February,2017-02,7,18,Saturday
20170219,2017-02-19,2017,2,February,2017-02,7,19,Sunday
20170220,2017-02-20,2017,2,February,2017-02,8,20,Monday
20170221,2017-02-21,2017,2,February,2017-02,8,21,Tuesday
20170222,2017-02-22,2017,2,February,2017-02,8,22,Wednesday
20170223,2017-02-23,2017,2,February,2017-02,8,23,Thursday
20170224,2017-02-24,2017,2,February,2017-02,8,24,Friday
20170225,2017-02-25,2017,2,February,2017-02,8,25,Saturday
20170226,2017-02-26,2017,2,February,2017-02,8,26,Sunday
20170227,2017-02-27,2017,2,February,2017-02,9,27,Monday
20170228,2017-02-28,2017,2,February,2017-02,9,28,Tuesday
20170301,2017-03-01,2017,3,March,2017-03,9,1,Wednesday
20170302,2017-03-02,2017,3,March,2017-03,9,2,Thursday
20170303,2017-03-03,2017,3,March,2017-03,9,3,Friday
20170304,2017-03-04,2017,3,March,2017-03,9,4,Saturday
20170305,2017-03-05,2017,3,March,2017-03,9,5,Sunday
20170306,2017-03-06,2017,3,March,2017-03,10,6,Monday
20170307,2017-03-07,2017,3,March,2017-03,10,7,Tuesday
20170308,2017-03-08,2017,3,March,2017-03,10,8,Wednesday
20170309,2017-03-09,2017,3,March,2017-03,10,9,Thursday
20170310,2017-03-10,2017,3,March,2017-03,10,10,Friday
20170311,2017-03-11,2017,3,March,2017-03,10,11,Saturday
20170312,2017-03-12,2017,3,March,2017-03,10,12,Sunday
20170313,2017-03-13,2017,3,March,2017-03,11,13,Monday
20170314,2017-03-14,2017,3,March,2017-03,11,14,Tuesday
20170315,2017-03-15,2017,3,March,2017-03,11,15,Wednesday
20170316,2017-03-16,2017,3,March,2017-03,11,16,Thursday
20170317,2017-03-17,2017,3,March,2017-03,11,17,Friday
20170318,2017-03-18,2017,3,March,2017-03,11,18,Saturday
20170319,2017-03-19,2017,3,March,2017-03,11,19,Sunday
20170320,2017-03-20,2017,3,March,2017-03,12,20,Monday
20170321,2017-03-21,2017,3,March,2017-03,12,21,Tuesday
20170322,2017-03-22,2017,3,March,2017-03,12,22,Wednesday
20170323,2017-03-23,2017,3,March,2017-03,12,23,Thursday
20170324,2017-03-24,2017,3,March,2017-03,12,24,Friday
20170325,2017-03-25,2017,3,March,2017-03,12,25,Saturday
20170326,2017-03-26,2017,3,March,2017-03,12,26,Sunday
20170327,2017-03-27,2017,3,March,2017-03,13,27,Monday
20170328,2017-03-28,2017,3,March,2017-03,13,28,Tuesday
20170329,2017-03-29,2017,3,March,2017-03,13,29,Wednesday
20170330,2017-03-30,2017,3,March,2017-03,13,30,Thursday
20170331,2017-03-31,2017,3,March,2017-03,13,31,Friday
20170401,2017-04-01,2017,4,April,2017-04,13,1,Saturday
20170402,2017-04-02,2017,4,April,2017-04,13,2,Sunday
20170403,2017-04-03,2017,4,April,2017-04,14,3,Monday
20170404,2017-04-04,2017,4,April,2017-04,14,4,Tuesday
20170405,2017-04-05,2017,4,April,2017-04,14,5,Wednesday
20170406,2017-04-06,2017,4,April,2017-04,14,6,Thursday
20170407,2017-04-07,2017,4,April,2017-04,14,7,Friday
20170408,2017-04-08,2017,4,April,2017-04,14,8,Saturday
20170409,2017-04-09,2017,4,April,2017-04,14,9,Sunday
20170410,2017-04-10,2017,4,April,2017-04,15,10,Monday
20170411,2017-04-11,2017,4,April,2017-04,15,11,Tuesday
20170412,2017-04-12,2017,4,April,2017-04,15,12,Wednesday
20170413,2017-04-13,2017,4,April,2017-04,15,13,Thursday
20170414,2017-04-14,2017,4,April,2017-04,15,14,Friday
20170415,2017-04-15,2017,4,April,2017-04,15,15,Saturday
20170416,2017-04-16,2017,4,April,2017-04,15,16,Sunday
20170417,2017-04-17,2017,4,April,2017-04,16,17,Monday
20170418,2017-04-18,2017,4,April,2017-04,16,18,Tuesday
20170419,2017-04-19,2017,4,April,2017-04,16,19,Wednesday
20170420,2017-04-20,2017,4,April,2017-04,16,20,Thursday
20170421,2017-04-21,2017,4,April,2017-04,16,21,Friday
20170422,2017-04-22,2017,4,April,2017-04,16,22,Saturday
20170423,2017-04-23,2017,4,April,2017-04,16,23,Sunday
20170424,2017-04-24,2017,4,April,2017-04,17,24,Monday
20170425,2017-04-25,2017,4,April,2017-04,17,25,Tuesday
20170426,2017-04-26,2017,4,April,2017-04,17,26,Wednesday
20170427,2017-04-27,2017,4,April,2017-04,17,27,Thursday
20170428,2017-04-28,2017,4,April,2017-04,17,28,Friday
20170429,2017-04-29,2017,4,April,2017-04,17,29,Saturday
20170430,2017-04-30,2017,4,April,2017-04,17,30,Sunday
20170501,2017-05-01,2017,5,May,2017-05,18,1,Monday
20170502,2017-05-02,2017,5,May,2017-05,18,2,Tuesday
20170503,2017-05-03,2017,5,May,2017-05,18,3,Wednesday
20170504,2017-05-04,2017,5,May,2017-05,18,4,Thursday
20170505,2017-05-05,2017,5,May,2017-05,18,5,Friday
20170506,2017-05-06,2017,5,May,2017-05,18,6,Saturday
20170507,2017-05-07,2017,5,May,2017-05,18,7,Sunday
20170508,2017-05-08,2017,5,May,2017-05,19,8,Monday
20170509,2017-05-09,2017,5,May,2017-05,19,9,Tuesday
20170510,2017-05-10,2017,5,May,2017-05,19,10,Wednesday
20170511,2017-05-11,2017,5,May,2017-05,19,11,Thursday
20170512,2017-05-12,2017,5,May,2017-05,19,12,Friday
20170513,2017-05-13,2017,5,May,2017-05,19,13,Saturday
20170514,2017-05-14,2017,5,May,2017-05,19,14,Sunday
20170515,2017-05-15,2017,5,May,2017-05,20,15,Monday
20170516,2017-05-16,2017,5,May,2017-05,20,16,Tuesday
20170517,2017-05-17,2017,5,May,2017-05,20,17,Wednesday
20170518,2017-05-18,2017,5,May,2017-05,20,18,Thursday
20170519,2017-05-19,2017,5,May,2017-05,20,19,Friday
20170520,2017-05-20,2017,5,May,2017-05,20,20,Saturday
20170521,2017-05-21,2017,5,May,2017-05,20,21,Sunday
20170522,2017-05-22,2017,5,May,2017-05,21,22,Monday
20170523,2017-05-23,2017,5,May,2017-05,21,23,Tuesday
20170524,2017-05-24,2017,5,May,2017-05,21,24,Wednesday
20170525,2017-05-25,2017,5,May,2017-05,21,25,Thursday
20170526,2017-05-26,2017,5,May,2017-05,21,26,Friday
20170527,2017-05-27,2017,5,May,2017-05,21,27,Saturday
20170528,2017-05-28,2017,5,May,2017-05,21,28,Sunday
20170529,2017-05-29,2017,5,May,2017-05,22,29,Monday
20170530,2017-05-30,2017,5,May,2017-05,22,30,Tuesday
20170531,2017-05-31,2017,5,May,2017-05,22,31,Wednesday
20170601,2017-06-01,2017,6,June,2017-06,22,1,Thursday
20170602,2017-06-02,2017,6,June,2017-06,22,2,Friday
20170603,2017-06-03,2017,6,June,2017-06,22,3,Saturday
20170604,2017-06-04,2017,6,June,2017-06,22,4,Sunday
20170605,2017-06-05,2017,6,June,2017-06,23,5,Monday
20170606,2017-06-06,2017,6,June,2017-06,23,6,Tuesday
20170607,2017-06-07,2017,6,June,2017-06,23,7,Wednesday
20170608,2017-06-08,2017,6,June,2017-06,23,8,Thursday
20170609,2017-06-09,2017,6,June,2017-06,23,9,Friday
20170610,2017-06-10,2017,6,June,2017-06,23,10,Saturday
20170611,2017-06-11,2017,6,June,2017-06,23,11,Sunday
20170612,2017-06-12,2017,6,June,2017-06,24,12,Monday
20170613,2017-06-13,2017,6,June,2017-06,24,13,Tuesday
20170614,2017-06-14,2017,6,June,2017-06,24,14,Wednesday
20170615,2017-06-15,2017,6,June,2017-06,24,15,Thursday
20170616,2017-06-16,2017,6,June,2017-06,24,16,Friday
20170617,2017-06-17,2017,6,June,2017-06,24,17,Saturday
20170618,2017-06-18,2017,6,June,2017-06,24,18,Sunday
20170619,2017-06-19,2017,6,June,2017-06,25,19,Monday
20170620,2017-06-20,2017,6,June,2017-06,25,20,Tuesday
20170621,2017-06-21,2017,6,June,2017-06,25,21,Wednesday
20170622,2017-06-22,2017,6,June,2017-06,25,22,Thursday
20170623,2017-06-23,2017,6,June,2017-06,25,23,Friday
20170624,2017-06-24,2017,6,June,2017-06,25,24,Saturday
20170625,2017-06-25,2017,6,June,2017-06,25,25,Sunday
20170626,2017-06-26,2017,6,June,2017-06,26,26,Monday
20170627,2017-06-27,2017,6,June,2017-06,26,27,Tuesday
20170628,2017-06-28,2017,6,June,2017-06,26,28,Wednesday
20170629,2017-06-29,2017,6,June,2017-06,26,29,Thursday
20170630,2017-06-30,2017,6,June,2017-06,26,30,Friday
20170701,2017-07-01,2017,7,July,2017-07,26,1,Saturday
20170702,2017-07-02,2017,7,July,2017-07,26,2,Sunday
20170703,2017-07-03,2017,7,July,2017-07,27,3,Monday
20170704,2017-07-04,2017,7,July,2017-07,27,4,Tuesday
20170705,2017-07-05,2017,7,July,2017-07,27,5,Wednesday
20170706,2017-07-06,2017,7,July,2017-07,27,6,Thursday
20170707,2017-07-07,2017,7,July,2017-07,27,7,Friday
20170708,2017-07-08,2017,7,July,2017-07,27,8,Saturday
20170709,2017-07-09,2017,7,July,2017-07,27,9,Sunday
20170710,2017-07-10,2017,7,July,2017-07,28,10,Monday
20170711,2017-07-11,2017,7,July,2017-07,28,11,Tuesday
20170712,2017-07-12,2017,7,July,2017-07,28,12,Wednesday
20170713,2017-07-13,2017,7,July,2017-07,28,13,Thursday
20170714,2017-07-14,2017,7,July,2017-07,28,14,Friday
20170715,2017-07-15,2017,7,July,2017-07,28,15,Saturday
20170716,2017-07-16,2017,7,July,2017-07,28,16,Sunday
20170717,2017-07-17,2017,7,July,2017-07,29,17,Monday
20170718,2017-07-18,2017,7,July,2017-07,29,18,Tuesday
20170719,2017-07-19,2017,7,July,2017-07,29,19,Wednesday
20170720,2017-07-20,2017,7,July,2017-07,29,20,Thursday
20170721,2017-07-21,2017,7,July,2017-07,29,21,Friday
20170722,2017-07-22,2017,7,July,2017-07,29,22,Saturday
20170723,2017-07-23,2017,7,July,2017-07,29,23,Sunday
20170724,2017-07-24,2017,7,July,2017-07,30,24,Monday
20170725,2017-07-25,2017,7,July,2017-07,30,25,Tuesday
20170726,2017-07-26,2017,7,July,2017-07,30,26,Wednesday
20170727,2017-07-27,2017,7,July,2017-07,30,27,Thursday
20170728,2017-07-28,2017,7,July,2017-07,30,28,Friday
20170729,2017-07-29,2017,7,July,2017-07,30,29,Saturday
20170730,2017-07-30,2017,7,July,2017-07,30,30,Sunday
20170731,2017-07-31,2017,7,July,2017-07,31,31,Monday
20170801,2017-08-01,2017,8,August,2017-08,31,1,Tuesday
20170802,2017-08-02,2017,8,August,2017-08,31,2,Wednesday
20170803,2017-08-03,2017,8,August,2017-08,31,3,Thursday
20170804,2017-08-04,2017,8,August,2017-08,31,4,Friday
20170805,2017-08-05,2017,8,August,2017-08,31,5,Saturday
20170806,2017-08-06,2017,8,August,2017-08,31,6,Sunday
20170807,2017-08-07,2017,8,August,2017-08,32,7,Monday
20170808,2017-08-08,2017,8,August,2017-08,32,8,Tuesday
20170809,2017-08-09,2017,8,August,2017-08,32,9,Wednesday
20170810,2017-08-10,2017,8,August,2017-08,32,10,Thursday
20170811,2017-08-11,2017,8,August,2017-08,32,11,Friday
20170812,2017-08-12,2017,8,August,2017-08,32,12,Saturday
20170813,2017-08-13,2017,8,August,2017-08,32,13,Sunday
20170814,2017-08-14,2017,8,August,2017-08,33,14,Monday
20170815,2017-08-15,2017,8,August,2017-08,33,15,Tuesday
20170816,2017-08-16,2017,8,August,2017-08,33,16,Wednesday
20170817,2017-08-17,2017,8,August,2017-08,33,17,Thursday
20170818,2017-08-18,2017,8,August,2017-08,33,18,Friday
20170819,2017-08-19,2017,8,August,2017-08,33,19,Saturday
20170820,2017-08-20,2017,8,August,2017-08,33,20,Sunday
20170821,2017-08-21,2017,8,August,2017-08,34,21,Monday
20170822,2017-08-22,2017,8,August,2017-08,34,22,Tuesday
20170823,2017-08-23,2017,8,August,2017-08,34,23,Wednesday
20170824,2017-08-24,2017,8,August,2017-08,34,24,Thursday
20170825,2017-08-25,2017,8,August,2017-08,34,25,Friday
20170826,2017-08-26,2017,8,August,2017-08,34,26,Saturday
20170827,2017-08-27,2017,8,August,2017-08,34,27,Sunday
20170828,2017-08-28,2017,8,August,2017-08,35,28,Monday
20170829,2017-08-29,2017,8,August,2017-08,35,29,Tuesday
20170830,2017-08-30,2017,8,August,2017-08,35,30,Wednesday
20170831,2017-08-31,2017,8,August,2017-08,35,31,Thursday
